{"stats":{"minecraft:picked_up":{"minecraft:coarse_dirt":111,"minecraft:repeater":49,"minecraft:andesite":281,"minecraft:yellow_wool":93,"minecraft:birch_planks":2,"minecraft:bedrock":3,"minecraft:crimson_planks":1,"minecraft:heavy_weighted_pressure_plate":11,"minecraft:dirt":31,"minecraft:polished_granite":2355,"minecraft:item_frame":1,"minecraft:podzol":8,"minecraft:acacia_planks":16,"minecraft:oak_sign":34,"minecraft:comparator":3,"minecraft:spruce_planks":1,"minecraft:iron_ore":1,"minecraft:redstone_torch":120,"minecraft:chest":1,"minecraft:oak_planks":1,"minecraft:crimson_sign":4,"minecraft:purple_concrete":2,"minecraft:stone":4048,"minecraft:jungle_planks":11,"minecraft:sand":21,"minecraft:diorite":1538,"minecraft:grass_block":187,"minecraft:warped_planks":8,"minecraft:redstone":348,"minecraft:golden_chestplate":686,"minecraft:dark_oak_planks":1,"minecraft:polished_andesite":219,"minecraft:arrow":1,"minecraft:polished_diorite":565,"minecraft:lever":2,"minecraft:polished_blackstone_button":6,"minecraft:granite":393,"minecraft:white_concrete":1,"minecraft:warped_nylium":9,"minecraft:crimson_nylium":9},"minecraft:dropped":{"minecraft:repeating_command_block":2,"minecraft:purple_concrete":2,"minecraft:heavy_weighted_pressure_plate":12,"minecraft:chest":1,"minecraft:black_concrete":1},"minecraft:used":{"minecraft:end_rod":58,"minecraft:dropper":10,"minecraft:orange_concrete":1,"minecraft:red_concrete":382,"minecraft:dark_oak_sign":3,"minecraft:red_stained_glass":8,"minecraft:dispenser":3,"minecraft:redstone":1367,"minecraft:oak_sign":100,"minecraft:chest":255,"minecraft:spruce_planks":21,"minecraft:stone":47,"minecraft:brown_concrete":1141,"minecraft:redstone_block":69,"minecraft:magenta_stained_glass":8,"minecraft:warped_sign":5,"minecraft:beacon":8,"minecraft:orange_stained_glass":9,"minecraft:pink_concrete":78,"minecraft:soul_sand":1,"minecraft:anvil":1,"minecraft:target":124,"minecraft:comparator":82,"minecraft:light_blue_concrete":3,"minecraft:hopper":40,"minecraft:light_blue_wool":93,"minecraft:cobblestone_wall":21,"minecraft:orange_wool":164,"minecraft:chiseled_quartz_block":8,"minecraft:note_block":7,"minecraft:black_concrete_powder":14,"minecraft:granite":24,"minecraft:light_blue_stained_glass":5,"minecraft:warped_planks":2,"minecraft:polished_diorite":73,"minecraft:redstone_torch":630,"minecraft:oak_log":3,"minecraft:sticky_piston":60,"minecraft:glass":4,"minecraft:lever":81,"minecraft:green_concrete":27,"minecraft:sea_lantern":39,"minecraft:black_concrete":392,"minecraft:command_block":374,"minecraft:quartz_slab":2,"minecraft:light_gray_concrete":20,"minecraft:yellow_stained_glass":7,"minecraft:iron_block":222,"minecraft:grass_block":3,"minecraft:brown_stained_glass":139,"minecraft:string":1,"minecraft:barrier":89,"minecraft:stone_button":10,"minecraft:warped_nylium":14,"minecraft:gray_concrete_powder":11,"minecraft:pink_wool":7,"minecraft:crimson_planks":392,"minecraft:crimson_nylium":14,"minecraft:yellow_wool":148,"minecraft:item_frame":1,"minecraft:crimson_sign":81,"minecraft:purple_concrete":164,"minecraft:glowstone":10,"minecraft:repeater":390,"minecraft:redstone_lamp":102,"minecraft:magenta_wool":148,"minecraft:lime_concrete":153,"minecraft:bow":2,"minecraft:black_stained_glass":1,"minecraft:lime_stained_glass":1,"minecraft:white_stained_glass":49,"minecraft:andesite":3,"minecraft:birch_log":11,"minecraft:chain":1,"minecraft:repeating_command_block":153,"minecraft:smooth_stone_slab":146,"minecraft:polished_blackstone_button":18,"minecraft:white_concrete":374,"minecraft:acacia_planks":12,"minecraft:purple_carpet":18,"minecraft:splash_potion":5,"minecraft:observer":33,"minecraft:jukebox":33,"minecraft:purple_wool":159,"minecraft:green_stained_glass":41},"minecraft:custom":{"minecraft:inspect_dropper":16,"minecraft:interact_with_anvil":1,"minecraft:inspect_hopper":333,"minecraft:tune_noteblock":2339,"minecraft:play_one_minute":2832245,"minecraft:leave_game":153,"minecraft:time_since_death":71,"minecraft:time_since_rest":71,"minecraft:sprint_one_cm":645821,"minecraft:damage_taken":7000,"minecraft:walk_one_cm":752569,"minecraft:drop":18,"minecraft:interact_with_beacon":20,"minecraft:fly_one_cm":40128055,"minecraft:open_chest":6066,"minecraft:crouch_one_cm":16463,"minecraft:deaths":47,"minecraft:sneak_time":130961,"minecraft:jump":5598,"minecraft:fall_one_cm":8778,"minecraft:inspect_dispenser":2}},"DataVersion":2586}