{"stats":{"minecraft:custom":{"minecraft:time_since_rest":20,"minecraft:sprint_one_cm":4591,"minecraft:walk_one_cm":267094,"minecraft:interact_with_anvil":1,"minecraft:drop":14,"minecraft:inspect_hopper":155,"minecraft:tune_noteblock":708,"minecraft:fly_one_cm":9402084,"minecraft:open_chest":1805,"minecraft:crouch_one_cm":5469,"minecraft:play_one_minute":1043910,"minecraft:deaths":8,"minecraft:sneak_time":48651,"minecraft:jump":621,"minecraft:leave_game":76,"minecraft:time_since_death":20},"minecraft:dropped":{"minecraft:heavy_weighted_pressure_plate":12,"minecraft:purple_concrete":2},"minecraft:used":{"minecraft:redstone_torch":272,"minecraft:sticky_piston":35,"minecraft:end_rod":4,"minecraft:lever":46,"minecraft:green_concrete":5,"minecraft:sea_lantern":6,"minecraft:black_concrete":129,"minecraft:orange_concrete":1,"minecraft:command_block":42,"minecraft:iron_block":64,"minecraft:yellow_stained_glass":7,"minecraft:red_concrete":371,"minecraft:red_stained_glass":8,"minecraft:brown_stained_glass":122,"minecraft:redstone":837,"minecraft:stone_button":6,"minecraft:oak_sign":22,"minecraft:warped_nylium":4,"minecraft:chest":88,"minecraft:stone":47,"minecraft:brown_concrete":493,"minecraft:gray_concrete_powder":11,"minecraft:redstone_block":27,"minecraft:magenta_stained_glass":8,"minecraft:pink_wool":7,"minecraft:yellow_wool":84,"minecraft:pink_concrete":78,"minecraft:orange_stained_glass":9,"minecraft:repeater":206,"minecraft:purple_concrete":100,"minecraft:glowstone":10,"minecraft:anvil":1,"minecraft:redstone_lamp":3,"minecraft:lime_concrete":83,"minecraft:target":78,"minecraft:comparator":7,"minecraft:magenta_wool":117,"minecraft:light_blue_concrete":3,"minecraft:hopper":7,"minecraft:lime_stained_glass":1,"minecraft:light_blue_wool":81,"minecraft:white_stained_glass":7,"minecraft:orange_wool":135,"minecraft:birch_log":11,"minecraft:repeating_command_block":15,"minecraft:smooth_stone_slab":106,"minecraft:chiseled_quartz_block":8,"minecraft:note_block":5,"minecraft:white_concrete":87,"minecraft:black_concrete_powder":13,"minecraft:purple_carpet":4,"minecraft:granite":24,"minecraft:light_blue_stained_glass":5,"minecraft:polished_diorite":66,"minecraft:green_stained_glass":29},"minecraft:picked_up":{"minecraft:coarse_dirt":59,"minecraft:stone":1317,"minecraft:repeater":20,"minecraft:andesite":200,"minecraft:yellow_wool":12,"minecraft:diorite":575,"minecraft:grass_block":5,"minecraft:redstone":195,"minecraft:heavy_weighted_pressure_plate":11,"minecraft:golden_chestplate":303,"minecraft:dirt":19,"minecraft:polished_granite":895,"minecraft:polished_andesite":102,"minecraft:oak_sign":19,"minecraft:polished_diorite":106,"minecraft:granite":129,"minecraft:redstone_torch":52,"minecraft:purple_concrete":2}},"DataVersion":2586}