{"stats":{"minecraft:custom":{"minecraft:time_since_rest":79694,"minecraft:sprint_one_cm":1768,"minecraft:walk_one_cm":98703,"minecraft:inspect_hopper":56,"minecraft:tune_noteblock":122,"minecraft:fly_one_cm":2983603,"minecraft:open_chest":234,"minecraft:play_one_minute":267889,"minecraft:crouch_one_cm":2011,"minecraft:deaths":3,"minecraft:sneak_time":14119,"minecraft:jump":157,"minecraft:leave_game":34,"minecraft:time_since_death":79694},"minecraft:used":{"minecraft:redstone_torch":62,"minecraft:sticky_piston":21,"minecraft:lever":6,"minecraft:green_concrete":5,"minecraft:black_concrete":74,"minecraft:orange_concrete":1,"minecraft:iron_block":39,"minecraft:red_concrete":179,"minecraft:redstone":254,"minecraft:brown_stained_glass":20,"minecraft:stone_button":3,"minecraft:chest":37,"minecraft:brown_concrete":47,"minecraft:gray_concrete_powder":11,"minecraft:redstone_block":14,"minecraft:repeater":68,"minecraft:purple_concrete":29,"minecraft:glowstone":3,"minecraft:redstone_lamp":1,"minecraft:target":32,"minecraft:lime_concrete":34,"minecraft:light_blue_concrete":3,"minecraft:hopper":1,"minecraft:white_stained_glass":7,"minecraft:repeating_command_block":2,"minecraft:smooth_stone_slab":22,"minecraft:note_block":2,"minecraft:white_concrete":85,"minecraft:black_concrete_powder":6,"minecraft:granite":24,"minecraft:green_stained_glass":1},"minecraft:picked_up":{"minecraft:stone":729,"minecraft:repeater":4,"minecraft:andesite":157,"minecraft:diorite":390,"minecraft:grass_block":4,"minecraft:redstone":55,"minecraft:golden_chestplate":228,"minecraft:dirt":16,"minecraft:polished_granite":677,"minecraft:polished_andesite":28,"minecraft:oak_sign":7,"minecraft:polished_diorite":78,"minecraft:granite":90,"minecraft:redstone_torch":8}},"DataVersion":2586}