{"stats":{"minecraft:custom":{"minecraft:inspect_dropper":7,"minecraft:interact_with_anvil":1,"minecraft:inspect_hopper":247,"minecraft:tune_noteblock":2316,"minecraft:play_one_minute":2710843,"minecraft:leave_game":140,"minecraft:time_since_death":29,"minecraft:time_since_rest":30,"minecraft:sprint_one_cm":579143,"minecraft:damage_taken":6160,"minecraft:walk_one_cm":680590,"minecraft:drop":18,"minecraft:interact_with_beacon":17,"minecraft:fly_one_cm":38890683,"minecraft:open_chest":6001,"minecraft:crouch_one_cm":15194,"minecraft:deaths":32,"minecraft:sneak_time":125600,"minecraft:jump":5071,"minecraft:inspect_dispenser":2},"minecraft:dropped":{"minecraft:repeating_command_block":2,"minecraft:purple_concrete":2,"minecraft:heavy_weighted_pressure_plate":12,"minecraft:chest":1,"minecraft:black_concrete":1},"minecraft:used":{"minecraft:end_rod":50,"minecraft:dropper":5,"minecraft:orange_concrete":1,"minecraft:red_concrete":382,"minecraft:redstone":1294,"minecraft:red_stained_glass":8,"minecraft:dispenser":3,"minecraft:dark_oak_sign":3,"minecraft:oak_sign":83,"minecraft:chest":255,"minecraft:spruce_planks":21,"minecraft:stone":47,"minecraft:brown_concrete":1056,"minecraft:redstone_block":69,"minecraft:magenta_stained_glass":8,"minecraft:beacon":8,"minecraft:orange_stained_glass":9,"minecraft:pink_concrete":78,"minecraft:soul_sand":1,"minecraft:anvil":1,"minecraft:target":123,"minecraft:comparator":68,"minecraft:light_blue_concrete":3,"minecraft:hopper":33,"minecraft:light_blue_wool":93,"minecraft:cobblestone_wall":20,"minecraft:orange_wool":164,"minecraft:chiseled_quartz_block":8,"minecraft:note_block":7,"minecraft:black_concrete_powder":13,"minecraft:granite":24,"minecraft:light_blue_stained_glass":5,"minecraft:warped_planks":2,"minecraft:polished_diorite":73,"minecraft:redstone_torch":585,"minecraft:oak_log":3,"minecraft:sticky_piston":60,"minecraft:lever":81,"minecraft:green_concrete":6,"minecraft:sea_lantern":6,"minecraft:black_concrete":366,"minecraft:command_block":344,"minecraft:light_gray_concrete":20,"minecraft:yellow_stained_glass":7,"minecraft:iron_block":143,"minecraft:grass_block":3,"minecraft:brown_stained_glass":139,"minecraft:barrier":89,"minecraft:stone_button":8,"minecraft:warped_nylium":14,"minecraft:gray_concrete_powder":11,"minecraft:pink_wool":7,"minecraft:crimson_planks":352,"minecraft:crimson_nylium":14,"minecraft:yellow_wool":148,"minecraft:item_frame":1,"minecraft:crimson_sign":36,"minecraft:purple_concrete":160,"minecraft:glowstone":10,"minecraft:repeater":364,"minecraft:redstone_lamp":102,"minecraft:magenta_wool":148,"minecraft:lime_concrete":153,"minecraft:bow":2,"minecraft:black_stained_glass":1,"minecraft:lime_stained_glass":1,"minecraft:white_stained_glass":49,"minecraft:andesite":3,"minecraft:birch_log":11,"minecraft:repeating_command_block":133,"minecraft:smooth_stone_slab":139,"minecraft:polished_blackstone_button":16,"minecraft:white_concrete":324,"minecraft:acacia_planks":12,"minecraft:purple_carpet":18,"minecraft:splash_potion":5,"minecraft:observer":28,"minecraft:jukebox":27,"minecraft:purple_wool":159,"minecraft:green_stained_glass":29},"minecraft:picked_up":{"minecraft:coarse_dirt":111,"minecraft:repeater":49,"minecraft:andesite":281,"minecraft:yellow_wool":93,"minecraft:birch_planks":2,"minecraft:bedrock":3,"minecraft:crimson_planks":1,"minecraft:heavy_weighted_pressure_plate":11,"minecraft:dirt":31,"minecraft:polished_granite":2355,"minecraft:item_frame":1,"minecraft:podzol":8,"minecraft:acacia_planks":16,"minecraft:oak_sign":34,"minecraft:comparator":3,"minecraft:spruce_planks":1,"minecraft:iron_ore":1,"minecraft:redstone_torch":119,"minecraft:chest":1,"minecraft:oak_planks":1,"minecraft:crimson_sign":2,"minecraft:purple_concrete":2,"minecraft:stone":4048,"minecraft:jungle_planks":11,"minecraft:sand":21,"minecraft:diorite":1538,"minecraft:grass_block":187,"minecraft:warped_planks":8,"minecraft:redstone":313,"minecraft:golden_chestplate":686,"minecraft:dark_oak_planks":1,"minecraft:polished_andesite":219,"minecraft:arrow":1,"minecraft:polished_diorite":565,"minecraft:lever":2,"minecraft:polished_blackstone_button":6,"minecraft:granite":393,"minecraft:warped_nylium":9,"minecraft:crimson_nylium":9}},"DataVersion":2586}