{"stats":{"minecraft:picked_up":{"minecraft:coarse_dirt":59,"minecraft:stone":1261,"minecraft:repeater":16,"minecraft:andesite":200,"minecraft:yellow_wool":12,"minecraft:diorite":575,"minecraft:grass_block":5,"minecraft:redstone":187,"minecraft:heavy_weighted_pressure_plate":11,"minecraft:golden_chestplate":303,"minecraft:dirt":19,"minecraft:polished_granite":895,"minecraft:polished_andesite":102,"minecraft:oak_sign":19,"minecraft:polished_diorite":106,"minecraft:granite":129,"minecraft:redstone_torch":35,"minecraft:purple_concrete":2},"minecraft:dropped":{"minecraft:heavy_weighted_pressure_plate":12,"minecraft:purple_concrete":2},"minecraft:used":{"minecraft:redstone_torch":157,"minecraft:sticky_piston":30,"minecraft:lever":38,"minecraft:green_concrete":5,"minecraft:black_concrete":125,"minecraft:orange_concrete":1,"minecraft:command_block":38,"minecraft:yellow_stained_glass":7,"minecraft:iron_block":64,"minecraft:red_concrete":184,"minecraft:brown_stained_glass":119,"minecraft:redstone":741,"minecraft:stone_button":6,"minecraft:oak_sign":22,"minecraft:warped_nylium":4,"minecraft:chest":88,"minecraft:stone":47,"minecraft:brown_concrete":486,"minecraft:gray_concrete_powder":11,"minecraft:redstone_block":27,"minecraft:magenta_stained_glass":8,"minecraft:pink_wool":7,"minecraft:yellow_wool":84,"minecraft:pink_concrete":78,"minecraft:orange_stained_glass":9,"minecraft:repeater":154,"minecraft:purple_concrete":100,"minecraft:glowstone":3,"minecraft:anvil":1,"minecraft:redstone_lamp":3,"minecraft:lime_concrete":70,"minecraft:target":65,"minecraft:comparator":7,"minecraft:magenta_wool":117,"minecraft:light_blue_concrete":3,"minecraft:hopper":7,"minecraft:light_blue_wool":81,"minecraft:white_stained_glass":7,"minecraft:orange_wool":135,"minecraft:birch_log":11,"minecraft:repeating_command_block":15,"minecraft:smooth_stone_slab":102,"minecraft:chiseled_quartz_block":8,"minecraft:note_block":3,"minecraft:white_concrete":85,"minecraft:black_concrete_powder":6,"minecraft:purple_carpet":4,"minecraft:granite":24,"minecraft:light_blue_stained_glass":5,"minecraft:polished_diorite":66,"minecraft:green_stained_glass":26},"minecraft:custom":{"minecraft:time_since_rest":38572,"minecraft:sprint_one_cm":3706,"minecraft:walk_one_cm":234173,"minecraft:interact_with_anvil":1,"minecraft:drop":14,"minecraft:inspect_hopper":107,"minecraft:tune_noteblock":541,"minecraft:fly_one_cm":7392420,"minecraft:open_chest":1715,"minecraft:crouch_one_cm":4150,"minecraft:play_one_minute":857494,"minecraft:deaths":5,"minecraft:sneak_time":38903,"minecraft:jump":531,"minecraft:leave_game":56,"minecraft:time_since_death":38572}},"DataVersion":2586}