{"stats":{"minecraft:dropped":{"minecraft:crimson_planks":2,"minecraft:repeating_command_block":2,"minecraft:purple_concrete":2,"minecraft:command_block":1,"minecraft:end_rod":2,"minecraft:iron_block":1,"minecraft:milk_bucket":1,"minecraft:black_concrete":1,"minecraft:redstone_block":3,"minecraft:heavy_weighted_pressure_plate":60,"minecraft:chest":1,"minecraft:brown_stained_glass":2,"minecraft:purple_carpet":11},"minecraft:killed_by":{"minecraft:zombie":3},"minecraft:custom":{"minecraft:inspect_dropper":16,"minecraft:interact_with_anvil":2,"minecraft:inspect_hopper":342,"minecraft:leave_game":216,"minecraft:time_since_death":420,"minecraft:sprint_one_cm":1573757,"minecraft:walk_one_cm":1436166,"minecraft:drop":89,"minecraft:sneak_time":191528,"minecraft:deaths":172,"minecraft:jump":13730,"minecraft:tune_noteblock":3300,"minecraft:play_one_minute":618147,"minecraft:time_since_rest":450,"minecraft:damage_taken":8730,"minecraft:trigger_trapped_chest":4,"minecraft:damage_dealt":9,"minecraft:interact_with_beacon":27,"minecraft:fly_one_cm":56143892,"minecraft:open_chest":7964,"minecraft:crouch_one_cm":27221,"minecraft:aviate_one_cm":150132,"minecraft:fall_one_cm":12958,"minecraft:inspect_dispenser":2},"minecraft:picked_up":{"minecraft:coarse_dirt":205,"minecraft:redstone_block":4,"minecraft:yellow_wool":93,"minecraft:crimson_planks":9,"minecraft:heavy_weighted_pressure_plate":58,"minecraft:item_frame":1,"minecraft:oak_sign":37,"minecraft:red_sand":6,"minecraft:comparator":3,"minecraft:spruce_planks":7,"minecraft:redstone_torch":120,"minecraft:chest":1,"minecraft:crimson_sign":7,"minecraft:stone":4578,"minecraft:stone_button":4,"minecraft:diorite":1658,"minecraft:warped_planks":69,"minecraft:redstone":388,"minecraft:golden_chestplate":925,"minecraft:dark_oak_planks":14,"minecraft:arrow":1,"minecraft:nether_gold_ore":14,"minecraft:command_block":1,"minecraft:rotten_flesh":2,"minecraft:iron_block":1,"minecraft:end_rod":2,"minecraft:cobblestone":56,"minecraft:birch_log":12,"minecraft:repeater":53,"minecraft:andesite":415,"minecraft:birch_planks":19,"minecraft:bedrock":9,"minecraft:oak_log":21,"minecraft:dirt":125,"minecraft:polished_granite":2499,"minecraft:purple_carpet":11,"minecraft:podzol":37,"minecraft:acacia_planks":117,"minecraft:iron_ore":24,"minecraft:oak_planks":26,"minecraft:purple_concrete":2,"minecraft:brown_stained_glass":2,"minecraft:gravel":9,"minecraft:sand":33,"minecraft:jungle_planks":74,"minecraft:spruce_log":2,"minecraft:grass_block":272,"minecraft:gold_ore":3,"minecraft:polished_andesite":325,"minecraft:coal_ore":8,"minecraft:polished_diorite":685,"minecraft:polished_blackstone_pressure_plate":1,"minecraft:lever":4,"minecraft:polished_blackstone_button":8,"minecraft:granite":538,"minecraft:white_concrete":1,"minecraft:warped_nylium":131,"minecraft:crimson_nylium":108},"minecraft:used":{"minecraft:orange_concrete":11,"minecraft:flint_and_steel":2,"minecraft:armor_stand":59,"minecraft:red_concrete":385,"minecraft:dispenser":3,"minecraft:redstone":1516,"minecraft:oak_sign":177,"minecraft:spruce_planks":21,"minecraft:chest":343,"minecraft:brown_concrete":1234,"minecraft:stone":118,"minecraft:zombie_spawn_egg":2,"minecraft:warped_sign":5,"minecraft:polished_blackstone_wall":15,"minecraft:orange_stained_glass":344,"minecraft:soul_sand":1,"minecraft:anvil":2,"minecraft:target":157,"minecraft:hopper":40,"minecraft:blue_stained_glass":101,"minecraft:cobblestone_wall":21,"minecraft:orange_wool":164,"minecraft:granite":24,"minecraft:light_blue_stained_glass":386,"minecraft:obsidian":30,"minecraft:milk_bucket":7,"minecraft:polished_diorite":73,"minecraft:polished_blackstone_slab":15,"minecraft:glass":4,"minecraft:sea_lantern":79,"minecraft:light_gray_stained_glass":114,"minecraft:quartz_slab":2,"minecraft:yellow_stained_glass":12,"minecraft:iron_block":520,"minecraft:grass_block":3,"minecraft:crimson_slab":11,"minecraft:warped_nylium":14,"minecraft:polished_blackstone_brick_stairs":4,"minecraft:gray_concrete_powder":11,"minecraft:pink_wool":7,"minecraft:crimson_planks":562,"minecraft:item_frame":11,"minecraft:repeater":453,"minecraft:purple_concrete":189,"minecraft:glowstone":45,"minecraft:redstone_lamp":104,"minecraft:lime_concrete":153,"minecraft:bow":2,"minecraft:black_stained_glass":1857,"minecraft:magenta_wool":148,"minecraft:emerald_block":1,"minecraft:lime_stained_glass":1,"minecraft:drowned_spawn_egg":2,"minecraft:trapped_chest":2,"minecraft:stone_pressure_plate":3,"minecraft:acacia_planks":12,"minecraft:observer":34,"minecraft:polished_blackstone_stairs":37,"minecraft:chiseled_polished_blackstone":102,"minecraft:diorite":9,"minecraft:end_rod":85,"minecraft:dropper":10,"minecraft:red_stained_glass":698,"minecraft:dark_oak_sign":3,"minecraft:blackstone_stairs":10,"minecraft:redstone_block":163,"minecraft:magenta_stained_glass":71,"minecraft:beacon":11,"minecraft:pink_concrete":85,"minecraft:polished_blackstone_pressure_plate":15,"minecraft:comparator":88,"minecraft:light_blue_concrete":15,"minecraft:crimson_trapdoor":2,"minecraft:light_blue_wool":93,"minecraft:yellow_concrete":14,"minecraft:sponge":25,"minecraft:chiseled_quartz_block":8,"minecraft:note_block":19,"minecraft:black_concrete_powder":19,"minecraft:warped_planks":2,"minecraft:dark_oak_door":1,"minecraft:oak_log":3,"minecraft:redstone_torch":654,"minecraft:purple_stained_glass":71,"minecraft:sticky_piston":65,"minecraft:piston":17,"minecraft:lever":109,"minecraft:green_concrete":27,"minecraft:black_concrete":960,"minecraft:command_block":516,"minecraft:light_gray_concrete":20,"minecraft:brown_stained_glass":681,"minecraft:stone_button":30,"minecraft:barrier":89,"minecraft:string":1,"minecraft:magenta_concrete":15,"minecraft:crimson_nylium":14,"minecraft:yellow_wool":148,"minecraft:blackstone_slab":10,"minecraft:crimson_sign":124,"minecraft:potion":8,"minecraft:andesite":3,"minecraft:white_stained_glass":180,"minecraft:repeating_command_block":155,"minecraft:birch_log":11,"minecraft:chain":1,"minecraft:pink_stained_glass":126,"minecraft:smooth_stone_slab":180,"minecraft:polished_blackstone_button":32,"minecraft:white_concrete":487,"minecraft:purple_carpet":18,"minecraft:splash_potion":7,"minecraft:jukebox":40,"minecraft:purple_wool":190,"minecraft:gray_stained_glass":26,"minecraft:green_stained_glass":42}},"DataVersion":2586}