{"stats":{"minecraft:custom":{"minecraft:time_since_rest":8883,"minecraft:sprint_one_cm":1148,"minecraft:walk_one_cm":57760,"minecraft:inspect_hopper":54,"minecraft:tune_noteblock":76,"minecraft:fly_one_cm":2349869,"minecraft:open_chest":233,"minecraft:play_one_minute":188032,"minecraft:crouch_one_cm":1376,"minecraft:deaths":2,"minecraft:sneak_time":10616,"minecraft:jump":117,"minecraft:leave_game":12,"minecraft:time_since_death":8883},"minecraft:picked_up":{"minecraft:stone":729,"minecraft:repeater":1,"minecraft:andesite":157,"minecraft:diorite":390,"minecraft:grass_block":4,"minecraft:redstone":29,"minecraft:golden_chestplate":228,"minecraft:dirt":16,"minecraft:polished_granite":677,"minecraft:polished_andesite":28,"minecraft:oak_sign":7,"minecraft:polished_diorite":78,"minecraft:granite":90,"minecraft:redstone_torch":7},"minecraft:used":{"minecraft:redstone_torch":62,"minecraft:sticky_piston":21,"minecraft:lever":2,"minecraft:green_concrete":5,"minecraft:black_concrete":69,"minecraft:orange_concrete":1,"minecraft:iron_block":1,"minecraft:red_concrete":179,"minecraft:redstone":202,"minecraft:brown_stained_glass":20,"minecraft:stone_button":3,"minecraft:chest":37,"minecraft:gray_concrete_powder":11,"minecraft:redstone_block":12,"minecraft:repeater":59,"minecraft:purple_concrete":14,"minecraft:glowstone":3,"minecraft:redstone_lamp":1,"minecraft:target":30,"minecraft:lime_concrete":34,"minecraft:light_blue_concrete":3,"minecraft:hopper":1,"minecraft:white_stained_glass":7,"minecraft:repeating_command_block":2,"minecraft:smooth_stone_slab":16,"minecraft:white_concrete":85,"minecraft:black_concrete_powder":6,"minecraft:green_stained_glass":1}},"DataVersion":2586}