{"stats":{"minecraft:custom":{"minecraft:inspect_dropper":16,"minecraft:interact_with_anvil":1,"minecraft:inspect_hopper":333,"minecraft:tune_noteblock":2374,"minecraft:play_one_minute":2978075,"minecraft:leave_game":172,"minecraft:time_since_death":41,"minecraft:time_since_rest":41,"minecraft:sprint_one_cm":770116,"minecraft:damage_taken":7680,"minecraft:walk_one_cm":877422,"minecraft:trigger_trapped_chest":4,"minecraft:drop":18,"minecraft:interact_with_beacon":25,"minecraft:fly_one_cm":42170005,"minecraft:open_chest":6073,"minecraft:crouch_one_cm":19927,"minecraft:deaths":60,"minecraft:sneak_time":138902,"minecraft:jump":6927,"minecraft:fall_one_cm":8778,"minecraft:inspect_dispenser":2},"minecraft:dropped":{"minecraft:repeating_command_block":2,"minecraft:purple_concrete":2,"minecraft:heavy_weighted_pressure_plate":12,"minecraft:chest":1,"minecraft:black_concrete":1},"minecraft:used":{"minecraft:chiseled_polished_blackstone":97,"minecraft:end_rod":71,"minecraft:dropper":10,"minecraft:orange_concrete":1,"minecraft:armor_stand":5,"minecraft:red_concrete":382,"minecraft:blackstone_stairs":9,"minecraft:dark_oak_sign":3,"minecraft:red_stained_glass":10,"minecraft:dispenser":3,"minecraft:redstone":1387,"minecraft:oak_sign":120,"minecraft:chest":258,"minecraft:spruce_planks":21,"minecraft:stone":47,"minecraft:brown_concrete":1141,"minecraft:redstone_block":69,"minecraft:magenta_stained_glass":15,"minecraft:warped_sign":5,"minecraft:beacon":11,"minecraft:polished_blackstone_wall":15,"minecraft:orange_stained_glass":9,"minecraft:pink_concrete":78,"minecraft:polished_blackstone_pressure_plate":9,"minecraft:soul_sand":1,"minecraft:anvil":1,"minecraft:target":133,"minecraft:comparator":83,"minecraft:light_blue_concrete":3,"minecraft:hopper":40,"minecraft:crimson_trapdoor":2,"minecraft:light_blue_wool":93,"minecraft:cobblestone_wall":21,"minecraft:orange_wool":164,"minecraft:chiseled_quartz_block":8,"minecraft:note_block":12,"minecraft:black_concrete_powder":14,"minecraft:granite":24,"minecraft:light_blue_stained_glass":5,"minecraft:warped_planks":2,"minecraft:polished_diorite":73,"minecraft:purple_stained_glass":2,"minecraft:redstone_torch":632,"minecraft:oak_log":3,"minecraft:polished_blackstone_slab":14,"minecraft:sticky_piston":63,"minecraft:glass":4,"minecraft:piston":4,"minecraft:lever":92,"minecraft:green_concrete":27,"minecraft:sea_lantern":77,"minecraft:black_concrete":453,"minecraft:command_block":423,"minecraft:quartz_slab":2,"minecraft:light_gray_concrete":20,"minecraft:yellow_stained_glass":7,"minecraft:iron_block":346,"minecraft:grass_block":3,"minecraft:brown_stained_glass":139,"minecraft:string":1,"minecraft:barrier":89,"minecraft:stone_button":19,"minecraft:crimson_slab":6,"minecraft:warped_nylium":14,"minecraft:polished_blackstone_brick_stairs":4,"minecraft:gray_concrete_powder":11,"minecraft:pink_wool":7,"minecraft:crimson_planks":550,"minecraft:crimson_nylium":14,"minecraft:yellow_wool":148,"minecraft:blackstone_slab":6,"minecraft:item_frame":1,"minecraft:crimson_sign":113,"minecraft:purple_concrete":178,"minecraft:glowstone":10,"minecraft:repeater":399,"minecraft:redstone_lamp":104,"minecraft:magenta_wool":148,"minecraft:lime_concrete":153,"minecraft:bow":2,"minecraft:black_stained_glass":33,"minecraft:emerald_block":1,"minecraft:lime_stained_glass":1,"minecraft:pink_stained_glass":2,"minecraft:white_stained_glass":49,"minecraft:andesite":3,"minecraft:birch_log":11,"minecraft:chain":1,"minecraft:repeating_command_block":153,"minecraft:smooth_stone_slab":148,"minecraft:trapped_chest":2,"minecraft:polished_blackstone_button":29,"minecraft:white_concrete":392,"minecraft:splash_potion":5,"minecraft:acacia_planks":12,"minecraft:purple_carpet":18,"minecraft:jukebox":40,"minecraft:observer":33,"minecraft:polished_blackstone_stairs":37,"minecraft:purple_wool":190,"minecraft:gray_stained_glass":4,"minecraft:green_stained_glass":41},"minecraft:picked_up":{"minecraft:coarse_dirt":111,"minecraft:repeater":51,"minecraft:andesite":281,"minecraft:yellow_wool":93,"minecraft:birch_planks":2,"minecraft:bedrock":3,"minecraft:crimson_planks":1,"minecraft:heavy_weighted_pressure_plate":11,"minecraft:dirt":31,"minecraft:polished_granite":2355,"minecraft:item_frame":1,"minecraft:podzol":8,"minecraft:acacia_planks":16,"minecraft:oak_sign":34,"minecraft:comparator":3,"minecraft:spruce_planks":1,"minecraft:iron_ore":1,"minecraft:redstone_torch":120,"minecraft:chest":1,"minecraft:oak_planks":1,"minecraft:crimson_sign":7,"minecraft:purple_concrete":2,"minecraft:stone":4048,"minecraft:jungle_planks":11,"minecraft:sand":21,"minecraft:stone_button":4,"minecraft:diorite":1538,"minecraft:grass_block":187,"minecraft:warped_planks":8,"minecraft:redstone":351,"minecraft:golden_chestplate":686,"minecraft:dark_oak_planks":1,"minecraft:polished_andesite":219,"minecraft:arrow":1,"minecraft:polished_diorite":565,"minecraft:polished_blackstone_pressure_plate":1,"minecraft:lever":2,"minecraft:polished_blackstone_button":7,"minecraft:granite":393,"minecraft:white_concrete":1,"minecraft:warped_nylium":9,"minecraft:crimson_nylium":9}},"DataVersion":2586}